{"order": [[0.7, 1], [0.7, 2], [0.7, 3], [0.7, 4], [0.7, 5], [0.7, 6], [0.7, 7], [0.7, 8], [0.7, 9], [0.7, 10], [0.7, 11], [0.7, 12], [0.7, 13], [0.7, 14], [0.7, 15], [0.7, 16], [0.7, 17], [0.7, 18], [0.7, 19], [0.7, 20], [0.7, 21], [0.7, 22], [0.7, 23], [0.7, 24], [0.7, 25], [0.7, 26], [0.7, 27], [0.7, 28], [0.7, 29], [0.7, 30], [0.7, 31], [0.7, 32], [0.7, 33], [0.7, 34], [0.7, 35], [0.7, 36], [0.7, 37], [0.7, 38], [0.7, 39], [0.7, 40], [0.7, 41], [0.7, 42], [0.7, 43], [0.7, 44], [0.7, 45], [0.7, 46], [0.7, 47], [0.7, 48], [0.7, 49], [0.7, 50], [0.9, 1], [0.9, 2], [0.9, 3], [0.9, 4], [0.9, 5], [0.9, 6], [0.9, 7], [0.9, 8], [0.9, 9], [0.9, 10], [0.9, 11], [0.9, 12], [0.9, 13], [0.9, 14], [0.9, 15], [0.9, 16], [0.9, 17], [0.9, 18], [0.9, 19], [0.9, 20], [0.9, 21], [0.9, 22], [0.9, 23], [0.9, 24], [0.9, 25], [0.9, 26], [0.9, 27], [0.9, 28], [0.9, 29], [0.9, 30], [0.9, 31], [0.9, 32], [0.9, 33], [0.9, 34], [0.9, 35], [0.9, 36], [0.9, 37], [0.9, 38], [0.9, 39], [0.9, 40], [0.9, 41], [0.9, 42], [0.9, 43], [0.9, 44], [0.9, 45], [0.9, 46], [0.9, 47], [0.9, 48], [0.9, 49], [0.9, 50], [0.99, 1], [0.99, 2], [0.99, 3], [0.99, 4], [0.99, 5], [0.99, 6], [0.99, 7], [0.99, 8], [0.99, 9], [0.99, 10], [0.99, 11], [0.99, 12], [0.99, 13], [0.99, 14], [0.99, 15], [0.99, 16], [0.99, 17], [0.99, 18], [0.99, 19], [0.99, 20], [0.99, 21], [0.99, 22], [0.99, 23], [0.99, 24], [0.99, 25], [0.99, 26], [0.99, 27], [0.99, 28], [0.99, 29], [0.99, 30], [0.99, 31], [0.99, 32], [0.99, 33], [0.99, 34], [0.99, 35], [0.99, 36], [0.99, 37], [0.99, 38], [0.99, 39], [0.99, 40], [0.99, 41], [0.99, 42], [0.99, 43], [0.99, 44], [0.99, 45], [0.99, 46], [0.99, 47], [0.99, 48], [0.99, 49], [0.99, 50]], "memorized": [6013.06982421875, 5629.43798828125, 5814.9345703125, 6073.93408203125, 6100.7568359375, 6020.59765625, 6239.865234375, 5968.7431640625, 5968.521484375, 5987.16650390625, 6043.0126953125, 5888.4560546875, 5811.23193359375, 5708.25537109375, 6356.283203125, 6106.36767578125, 4830.8291015625, 5887.14501953125, 5960.1962890625, 6096.349609375, 5851.91796875, 6198.65087890625, 6149.73388671875, 5817.7265625, 5984.736328125, 6688.99072265625, 5747.79736328125, 6043.5166015625, 5923.90966796875, 5957.43359375, 6200.63623046875, 6141.7001953125, 5793.31787109375, 5678.68603515625, 5892.27294921875, 5782.6552734375, 5919.58544921875, 5876.6357421875, 6211.1650390625, 6209.57958984375, 5958.306640625, 5936.92724609375, 5804.02294921875, 5452.31103515625, 5887.896484375, 5939.66455078125, 5901.67236328125, 6536.9267578125, 6179.91015625, 6021.29150390625, 6873.955078125, 6801.26025390625, 6866.47119140625, 6882.42333984375, 6898.65576171875, 6876.287109375, 7034.98388671875, 6882.32861328125, 6882.4248046875, 6955.158203125, 6881.2001953125, 6955.82666015625, 6872.0595703125, 6734.740234375, 7007.55322265625, 6913.59326171875, 2330.485595703125, 6846.21484375, 6899.55859375, 6884.79248046875, 6831.642578125, 6924.31005859375, 6914.384765625, 6841.60546875, 6868.46337890625, 7038.61962890625, 6492.5615234375, 6882.9716796875, 6860.134765625, 6883.2197265625, 6912.17626953125, 6902.037109375, 6784.154296875, 6761.8486328125, 6849.1748046875, 6877.82080078125, 6877.23291015625, 6878.33642578125, 6901.701171875, 6912.04833984375, 6868.34716796875, 6876.25732421875, 6863.85302734375, 5120.1630859375, 6890.56201171875, 6880.75732421875, 6871.7578125, 7084.63525390625, 6976.20751953125, 6874.76611328125, 6344.994140625, 5567.6962890625, 7220.1337890625, 5489.78662109375, 7217.94970703125, 7218.1005859375, 7215.1220703125, 7214.63330078125, 7215.06640625, 7222.28271484375, 5865.509765625, 7220.517578125, 7220.30029296875, 6983.7236328125, 7224.92041015625, 7221.02587890625, 1552.874267578125, 4546.71484375, 7219.07763671875, 7215.68310546875, 6945.556640625, 7220.74560546875, 7220.21875, 7182.10400390625, 6721.57666015625, 7223.857421875, 1965.8782958984375, 6895.08203125, 7202.3408203125, 7217.05078125, 7220.833984375, 7217.431640625, 3243.7939453125, 3308.02685546875, 7180.7177734375, 7219.9638671875, 7214.17578125, 7218.01416015625, 7219.43359375, 7220.43994140625, 7215.99072265625, 7220.40673828125, 7217.2294921875, 4421.34228515625, 7220.81201171875, 7219.9765625, 7152.9130859375, 7216.853515625, 7223.35791015625, 4635.201171875], "time_spent": [3669033.0, 1097673.25, 1021466.0, 4668720.0, 2170126.0, 1341345.5, 656816.3125, 932401.375, 2873540.5, 322856.625, 8859370.0, 576163.75, 584627.8125, 2662619.75, 634908.5, 1609979.25, 62880816.0, 7644029.0, 3187594.0, 1099117.125, 7982900.0, 2257787.5, 1125246.125, 3044619.0, 5823415.5, 508514.4375, 19660650.0, 6104016.0, 4382898.0, 1684993.75, 1145656.25, 3238513.75, 18731780.0, 10456815.0, 4504757.0, 778620.625, 3228033.5, 1000604.0625, 1019737.125, 1640987.625, 2472257.0, 1543190.0, 1382787.5, 55161908.0, 641359.875, 1701281.625, 2339453.0, 1131196.375, 1204537.875, 2376038.5, 9061648.0, 14416184.0, 2231336.5, 10202399.0, 3028931.5, 2621663.5, 878208.875, 768687.8125, 3788324.0, 554421.5, 13867104.0, 922112.125, 1008921.1875, 5861293.0, 712296.625, 2052457.5, 73180480.0, 22260748.0, 3828697.5, 2099276.5, 18207968.0, 2514413.0, 1237645.75, 7617975.5, 11043786.0, 459276.625, 65191280.0, 11769550.0, 7260145.5, 2180461.0, 1769045.0, 4095199.75, 45388804.0, 45289840.0, 10766734.0, 1180186.875, 4103085.75, 1461839.75, 1528732.75, 2065159.75, 4868585.5, 2911437.0, 2653074.25, 62352996.0, 1111199.75, 3174235.0, 5282703.0, 1181896.5, 1407966.0, 7659722.5, 71711592.0, 65228208.0, 12410268.0, 71322640.0, 8678088.0, 13413921.0, 1759634.5, 2938277.0, 13410396.0, 1980403.25, 73577856.0, 5169666.5, 3531756.5, 20038160.0, 1570444.75, 7967672.0, 75027328.0, 72023872.0, 10624500.0, 17250088.0, 62994864.0, 9597680.0, 3842903.0, 40958764.0, 67882352.0, 750038.5, 76425256.0, 66214704.0, 37573988.0, 7619258.5, 10097430.0, 19318660.0, 73273992.0, 71697936.0, 51999260.0, 5279150.0, 12381268.0, 5048927.0, 11080531.0, 9530374.0, 38359400.0, 12529722.0, 13148911.0, 65482880.0, 5646629.0, 19731272.0, 58020596.0, 1984098.875, 3450805.75, 69782960.0]}