{"order": [[0, 1], [0, 2], [0, 3], [0, 4], [0, 5], [0, 6], [0, 7], [0, 8], [0, 9], [0, 10], [0, 11], [0, 12], [0, 13], [0, 14], [0, 15], [0, 16], [0, 17], [0, 18], [0, 19], [0, 20], [1, 1], [1, 2], [1, 3], [1, 4], [1, 5], [1, 6], [1, 7], [1, 8], [1, 9], [1, 10], [1, 11], [1, 12], [1, 13], [1, 14], [1, 15], [1, 16], [1, 17], [1, 18], [1, 19], [1, 20], [2, 1], [2, 2], [2, 3], [2, 4], [2, 5], [2, 6], [2, 7], [2, 8], [2, 9], [2, 10], [2, 11], [2, 12], [2, 13], [2, 14], [2, 15], [2, 16], [2, 17], [2, 18], [2, 19], [2, 20]], "knowledge": [1905.5399047214455, 2236.3892286903165, 2841.2582728773227, 2815.9093090692922, 2880.9904424232022, 2626.2857075567235, 2870.5291103054037, 2228.394693598026, 2883.37396737731, 2778.2882314554854, 2799.9367406186, 2647.9208236733016, 2799.373976045463, 1571.8579907925525, 2740.6797271959103, 2765.0120722537786, 1753.4837169802206, 2131.606171946295, 2867.0586059834636, 2714.337953077663, 1906.7638726606924, 2244.6540286615727, 2842.2151268575435, 2819.3153263075747, 2881.131332967871, 2717.919306284256, 2870.4519008690477, 2386.5332628123588, 2883.5030259044174, 2780.0365699372583, 2796.191387804448, 2646.645262011613, 2801.2584257424014, 1568.0937803786344, 2738.78905379217, 2761.67236911685, 1751.8386018235285, 2119.8431111134637, 2867.526519167966, 2720.7635272709117, 1931.180387371363, 2348.7524411963286, 2841.5916899629674, 2842.0048382132154, 2878.2472161666055, 2709.201567978634, 2871.0033399031304, 2434.8501986910683, 2882.6517584254098, 2781.412126883422, 2796.3297407849705, 2646.968502706516, 2795.344378773767, 1571.3441304916112, 2748.4444316197787, 2762.775488211294, 1752.4826939916247, 2080.2741471575487, 2869.7349734721165, 2779.386415063299], "time_spent": [46240370.830000035, 46004768.1900004, 1096436.6700000004, 15905944.659999955, 1834418.13, 4045202.2300000014, 271073.75999999995, 360916.6099999999, 7214497.189999994, 63309.3, 12147558.770000005, 324393.72, 395748.63, 23543148.90999952, 256172.62999999995, 8132342.919999997, 46834286.63999915, 46191714.509999886, 1160350.2600000002, 10017464.920000006, 46353631.52000003, 46049903.470000386, 1110185.2500000005, 16620162.93999995, 1868663.02, 4373806.080000002, 270705.51, 406077.22, 7289929.099999994, 62185.06000000001, 12190652.390000004, 339871.73, 399088.87, 23558722.44999952, 254430.86999999994, 8935979.689999998, 46839132.84999915, 46345926.129999906, 1177331.4800000004, 10038855.520000007, 46393314.29000002, 46097658.590000376, 1127260.5000000002, 17520773.64999994, 1882123.92, 4431980.960000001, 276939.5299999999, 435149.8, 7146184.2499999935, 64257.57000000001, 12708006.770000005, 339856.13, 414894.31, 23555415.25999952, 256044.11999999994, 8791053.759999998, 46839480.869999155, 46436532.67000006, 1163801.5000000005, 10138723.370000007]}